{
    "ethanol": {
        "C1": {
            "element": "C",
            "x": 0.01247,
            "y": 0.02254,
            "z": 1.08262
        },
        "C2": {
            "element": "C",
            "x": -0.00894,
            "y": -0.01624,
            "z": -0.43421
        },
        "H1": {
            "element": "H",
            "x": -0.49334,
            "y": 0.93505,
            "z": 1.44716
        },
        "H2": {
            "element": "H",
            "x": 1.05522,
            "y": 0.04512,
            "z": 1.44808
        },
        "H3": {
            "element": "H",
            "x": -0.64695,
            "y": -1.12346,
            "z": 2.54219
        },
        "H4": {
            "element": "H",
            "x": 0.50112,
            "y": -0.9164,
            "z": -0.8044
        },
        "H5": {
            "element": "H",
            "x": 0.49999,
            "y": 0.86726,
            "z": -0.84481
        },
        "H6": {
            "element": "H",
            "x": -1.0431,
            "y": -0.02739,
            "z": -0.80544
        },
        "O1": {
            "element": "O",
            "x": -0.66442,
            "y": -1.15471,
            "z": 1.56909
        }
    },
    "sif4-pbe-7-6-opt": {
        "F1": {
            "element": "F",
            "x": 0.910014993654,
            "y": 0.910014872773,
            "z": 0.910014525292
        },
        "Si1": {
            "element": "Si",
            "x": 3.39498194329e-07,
            "y": 6.63007925863e-08,
            "z": -1.76822321965e-08
        },
        "F2": {
            "element": "F",
            "x": -0.910014809219,
            "y": -0.910014729069,
            "z": 0.91001439518
        },
        "F3": {
            "element": "F",
            "x": -0.910015560341,
            "y": 0.910015133268,
            "z": -0.910014810492
        },
        "F4": {
            "element": "F",
            "x": 0.910015026703,
            "y": -0.910014883694,
            "z": -0.910014638042
        }
    }
}